Kitap Adı,Fiyat,Sayfa No
A Light in the Attic,Â£51.77,1
Tipping the Velvet,Â£53.74,1
Soumission,Â£50.10,1
Sharp Objects,Â£47.82,1
Sapiens: A Brief History of Humankind,Â£54.23,1
The Requiem Red,Â£22.65,1
The Dirty Little Secrets of Getting Your Dream Job,Â£33.34,1
"The Coming Woman: A Novel Based on the Life of the Infamous Feminist, Victoria Woodhull",Â£17.93,1
The Boys in the Boat: Nine Americans and Their Epic Quest for Gold at the 1936 Berlin Olympics,Â£22.60,1
The Black Maria,Â£52.15,1
"Starving Hearts (Triangular Trade Trilogy, #1)",Â£13.99,1
Shakespeare's Sonnets,Â£20.66,1
Set Me Free,Â£17.46,1
Scott Pilgrim's Precious Little Life (Scott Pilgrim #1),Â£52.29,1
Rip it Up and Start Again,Â£35.02,1
"Our Band Could Be Your Life: Scenes from the American Indie Underground, 1981-1991",Â£57.25,1
Olio,Â£23.88,1
Mesaerion: The Best Science Fiction Stories 1800-1849,Â£37.59,1
Libertarianism for Beginners,Â£51.33,1
It's Only the Himalayas,Â£45.17,1
In Her Wake,Â£12.84,2
How Music Works,Â£37.32,2
"Foolproof Preserving: A Guide to Small Batch Jams, Jellies, Pickles, Condiments, and More: A Foolproof Guide to Making Small Batch Jams, Jellies, Pickles, Condiments, and More",Â£30.52,2
Chase Me (Paris Nights #2),Â£25.27,2
Black Dust,Â£34.53,2
Birdsong: A Story in Pictures,Â£54.64,2
America's Cradle of Quarterbacks: Western Pennsylvania's Football Factory from Johnny Unitas to Joe Montana,Â£22.50,2
Aladdin and His Wonderful Lamp,Â£53.13,2
Worlds Elsewhere: Journeys Around Shakespeareâs Globe,Â£40.30,2
Wall and Piece,Â£44.18,2
The Four Agreements: A Practical Guide to Personal Freedom,Â£17.66,2
The Five Love Languages: How to Express Heartfelt Commitment to Your Mate,Â£31.05,2
The Elephant Tree,Â£23.82,2
The Bear and the Piano,Â£36.89,2
Sophie's World,Â£15.94,2
Penny Maybe,Â£33.29,2
Maude (1883-1993):She Grew Up with the country,Â£18.02,2
"In a Dark, Dark Wood",Â£19.63,2
Behind Closed Doors,Â£52.22,2
You can't bury them all: Poems,Â£33.63,2
Slow States of Collapse: Poems,Â£57.31,3
Reasons to Stay Alive,Â£26.41,3
Private Paris (Private #10),Â£47.61,3
#HigherSelfie: Wake Up Your Life. Free Your Soul. Find Your Tribe.,Â£23.11,3
Without Borders (Wanderlove #1),Â£45.07,3
When We Collided,Â£31.77,3
"We Love You, Charlie Freeman",Â£50.27,3
Untitled Collection: Sabbath Poems 2014,Â£14.27,3
"Unseen City: The Majesty of Pigeons, the Discreet Charm of Snails & Other Wonders of the Urban Wilderness",Â£44.18,3
Unicorn Tracks,Â£18.78,3
"Unbound: How Eight Technologies Made Us Human, Transformed Society, and Brought Our World to the Brink",Â£25.52,3
Tsubasa: WoRLD CHRoNiCLE 2 (Tsubasa WoRLD CHRoNiCLE #2),Â£16.28,3
Throwing Rocks at the Google Bus: How Growth Became the Enemy of Prosperity,Â£31.12,3
This One Summer,Â£19.49,3
Thirst,Â£17.27,3
The Torch Is Passed: A Harding Family Story,Â£19.09,3
The Secret of Dreadwillow Carse,Â£56.13,3
"The Pioneer Woman Cooks: Dinnertime: Comfort Classics, Freezer Food, 16-Minute Meals, and Other Delicious Ways to Solve Supper!",Â£56.41,3
The Past Never Ends,Â£56.50,3
The Natural History of Us (The Fine Art of Pretending #2),Â£45.22,3
The Nameless City (The Nameless City #1),Â£38.16,4
The Murder That Never Was (Forensic Instincts #5),Â£54.11,4
The Most Perfect Thing: Inside (and Outside) a Bird's Egg,Â£42.96,4
"The Mindfulness and Acceptance Workbook for Anxiety: A Guide to Breaking Free from Anxiety, Phobias, and Worry Using Acceptance and Commitment Therapy",Â£23.89,4
The Life-Changing Magic of Tidying Up: The Japanese Art of Decluttering and Organizing,Â£16.77,4
"The Inefficiency Assassin: Time Management Tactics for Working Smarter, Not Longer",Â£20.59,4
The Gutsy Girl: Escapades for Your Life of Epic Adventure,Â£37.13,4
The Electric Pencil: Drawings from Inside State Hospital No. 3,Â£56.06,4
The Death of Humanity: and the Case for Life,Â£58.11,4
"The Bulletproof Diet: Lose up to a Pound a Day, Reclaim Energy and Focus, Upgrade Your Life",Â£49.05,4
The Art Forger,Â£40.76,4
The Age of Genius: The Seventeenth Century and the Birth of the Modern Mind,Â£19.73,4
The Activist's Tao Te Ching: Ancient Advice for a Modern Revolution,Â£32.24,4
Spark Joy: An Illustrated Master Class on the Art of Organizing and Tidying Up,Â£41.83,4
Soul Reader,Â£39.58,4
Security,Â£39.25,4
"Saga, Volume 6 (Saga (Collected Editions) #6)",Â£25.02,4
"Saga, Volume 5 (Saga (Collected Editions) #5)",Â£51.04,4
Reskilling America: Learning to Labor in the Twenty-First Century,Â£19.83,4
"Rat Queens, Vol. 3: Demons (Rat Queens (Collected Editions) #11-15)",Â£50.40,4
"Princess Jellyfish 2-in-1 Omnibus, Vol. 01 (Princess Jellyfish 2-in-1 Omnibus #1)",Â£13.61,5
Princess Between Worlds (Wide-Awake Princess #5),Â£13.34,5
"Pop Gun War, Volume 1: Gift",Â£18.97,5
"Political Suicide: Missteps, Peccadilloes, Bad Calls, Backroom Hijinx, Sordid Pasts, Rotten Breaks, and Just Plain Dumb Mistakes in the Annals of American Politics",Â£36.28,5
Patience,Â£10.16,5
"Outcast, Vol. 1: A Darkness Surrounds Him (Outcast #1)",Â£15.44,5
orange: The Complete Collection 1 (orange: The Complete Collection #1),Â£48.41,5
Online Marketing for Busy Authors: A Step-By-Step Guide,Â£46.35,5
On a Midnight Clear,Â£14.07,5
Obsidian (Lux #1),Â£14.86,5
My Paris Kitchen: Recipes and Stories,Â£33.37,5
Masks and Shadows,Â£56.40,5
"Mama Tried: Traditional Italian Cooking for the Screwed, Crude, Vegan, and Tattooed",Â£14.02,5
"Lumberjanes, Vol. 2: Friendship to the Max (Lumberjanes #5-8)",Â£46.91,5
"Lumberjanes, Vol. 1: Beware the Kitten Holy (Lumberjanes #1-4)",Â£45.61,5
Lumberjanes Vol. 3: A Terrible Plan (Lumberjanes #9-12),Â£19.92,5
"Layered: Baking, Building, and Styling Spectacular Cakes",Â£40.11,5
Judo: Seven Steps to Black Belt (an Introductory Guide for Beginners),Â£53.90,5
Join,Â£35.67,5
In the Country We Love: My Family Divided,Â£22.00,5
